"DESCRIPTION","DURATION IN MS","NAME","PARENT SUITE","START TIME","STATUS","STOP TIME","SUB SUITE","SUITE","TEST CLASS","TEST METHOD"
"","1486","@regression page title is correct","firefox","2026-10-07","passed","2026-10-07","Navigation - Regression","Regression Tests","",""
"Verifies that the Playwright homepage loads and displays the main heading","5728","@smoke homepage loads correctly","webkit","2026-10-07","passed","2026-10-07","Home Page - Smoke","Smoke Tests","",""
"","1403","@regression navigate to docs","webkit","2026-10-07","passed","2026-10-07","Navigation - Regression","Regression Tests","",""
"","991","@regression page title is correct","webkit","2026-10-07","passed","2026-10-07","Navigation - Regression","Regression Tests","",""
"","918","@regression navigate to docs","chromium","2026-10-07","passed","2026-10-07","Navigation - Regression","Regression Tests","",""
"","1771","@regression navigate to docs","firefox","2026-10-07","passed","2026-10-07","Navigation - Regression","Regression Tests","",""
"Verifies the Get Started link is present on the homepage","2790","@smoke get started link is visible","firefox","2026-10-07","passed","2026-10-07","Home Page - Smoke","Smoke Tests","",""
"Verifies the Get Started link is present on the homepage","694","@smoke get started link is visible","chromium","2026-10-07","passed","2026-10-07","Home Page - Smoke","Smoke Tests","",""
"","691","@regression page title is correct","chromium","2026-10-07","passed","2026-10-07","Navigation - Regression","Regression Tests","",""
"Verifies that the Playwright homepage loads and displays the main heading","624","@smoke homepage loads correctly","chromium","2026-10-07","passed","2026-10-07","Home Page - Smoke","Smoke Tests","",""
"Verifies that the Playwright homepage loads and displays the main heading","2637","@smoke homepage loads correctly","firefox","2026-10-07","passed","2026-10-07","Home Page - Smoke","Smoke Tests","",""
"Verifies the Get Started link is present on the homepage","5800","@smoke get started link is visible","webkit","2026-10-07","passed","2026-10-07","Home Page - Smoke","Smoke Tests","",""
